study_accession,secondary_study_accession,sample_accession,run_accession,tax_id,scientific_name,instrument_platform,instrument_model,submitted_bytes,submitted_format,sample_title,
PRJNA277815,SRP067394,SAMN04002358,SRR3017593,9796,Equus caballus,ILLUMINA,Illumina HiSeq 2000,,,42700 year old Wild Horse,
PRJNA277815,SRP067394,SAMN04002357,SRR3017592,9796,Equus caballus,ILLUMINA,Illumina HiSeq 2000,,,4400 year old Wild Horse,
PRJNA277815,SRP067394,SAMN04002359,SRR3017594,582580,Equus asinus africanus,ILLUMINA,Illumina HiSeq 2000,,,African Wild Ass,
PRJEB14779,ERP016448,SAMEA4075241,ERR1527947,9796,Equus caballus,ILLUMINA,Illumina HiSeq 2500,42789577087;7149344,BAM;BAI,Akhal-Teke,
PRJEB14779,ERP016448,SAMEA4075242,ERR1527948,9796,Equus caballus,ILLUMINA,Illumina HiSeq 2500,31048336714;7152528,BAM;BAI,Akhal-Teke,
PRJEB14779,ERP016448,SAMEA4075243,ERR1527949,9796,Equus caballus,ILLUMINA,Illumina HiSeq 2500,27802170305;7140296,BAM;BAI,Akhal-Teke,
PRJEB14779,ERP016448,SAMEA4075244,ERR1527950,9796,Equus caballus,ILLUMINA,Illumina HiSeq 2500,30128037080;7146016,BAM;BAI,Akhal-Teke,
PRJNA277815,SRP067394,SAMN03396955,SRR3017635,9796,Equus caballus,ILLUMINA,Illumina HiSeq 2500,,,American Curly_H4658,
PRJNA277815,SRP067394,SAMN03396960,SRR3017640,9796,Equus caballus,ILLUMINA,Illumina HiSeq 2500,,,American Curly_H6217,
PRJEB9799,ERP010944,SAMEA3475186,ERR953404,9796,Equus caballus,ILLUMINA,Illumina HiSeq 2000,30133147114;28264556719,FASTQ1;FASTQ2,American Miniature Horse,
PRJEB12979,ERP014514,SAMEA3889831,ERR1305962,9796,Equus caballus,ILLUMINA,Illumina HiSeq 2500,15768322229;7071688,BAM;BAI,American Paint Horse,
PRJEB12979,ERP014514,SAMEA3889832,ERR1305963,9796,Equus caballus,ILLUMINA,Illumina HiSeq 2500,30290049948;7091192,BAM;BAI,American Paint Horse,
PRJEB12979,ERP014514,SAMEA3889833,ERR1305964,9796,Equus caballus,ILLUMINA,Illumina HiSeq 2500,20929637527;7083216,BAM;BAI,American Paint Horse,
PRJEB14779,ERP016448,SAMEA4822838,ERR2731055,9796,Equus caballus,ILLUMINA,Illumina HiSeq 3000,8784897146;7778536,BAM;BAI,American Paint Horse,
PRJNA841639,SRP376708,SAMN28605399,SRR19364599,9796,Equus caballus,ILLUMINA,Illumina HiSeq 2500,,FASTQ1;FASTQ2,American Paint Horse,more data to be collected +  37 samples
PRJNA841639,SRP376708,SAMN28605445,SRR19364612,9796,Equus caballus,ILLUMINA,Illumina HiSeq 2500,,FASTQ1;FASTQ2,American Paint Horse,more data to be collected +  37 samples
PRJNA841639,SRP376708,SAMN28605444,SRR19364614,9796,Equus caballus,ILLUMINA,Illumina HiSeq 2500,,FASTQ1;FASTQ2,American Paint Horse,more data to be collected +  37 samples
PRJEB14779,ERP016448,SAMEA112839430,ERR11152727,9796,Equus caballus,ILLUMINA,Illumina NovaSeq 6000,24484370149;7802664,BAM;BAI,American Quarter Horse,
PRJNA841639,SRP376708,SAMN28605368,SRR19364636,9796,Equus caballus,ILLUMINA,Illumina HiSeq 2500,,FASTQ1;FASTQ2,American Warmblood,
PRJNA841639,SRP376708,SAMN28605384,SRS13146512,9796,Equus caballus,ILLUMINA,Illumina HiSeq 2500,16800000000;17800000000,FASTQ1;FASTQ2,Andalusian,
PRJNA841639,SRP376708,SAMN28605422,SRR19364574,9796,Equus caballus,ILLUMINA,Illumina HiSeq 2500,,FASTQ1;FASTQ2,Appaloosa,
PRJNA841639,SRP376708,SAMN28605419,SRR19364577,9796,Equus caballus,ILLUMINA,Illumina HiSeq 2500,,FASTQ1;FASTQ2,Appaloosa,
PRJNA277815,SRP067394,SAMN03396973,SRR3017653,9796,Equus caballus,ILLUMINA,Illumina Genome Analyzer,,,Appaloosa_LP,
PRJNA841639,SRP376708,SAMN28605438,SRR19364620,9796,Equus caballus,ILLUMINA,Illumina HiSeq 2500,,FASTQ1;FASTQ2,Appendix Quarter Horse,
PRJEB14779,ERP016448,SAMEA4075245,ERR1527951,9796,Equus caballus,ILLUMINA,Illumina HiSeq 2500,42872730572;7206616,BAM;BAI,Arabian,
PRJEB14779,ERP016448,SAMEA104357339,ERR2179544,9796,Equus caballus,ILLUMINA,Illumina HiSeq 3000,29213900575;7138104,BAM;BAI,Arabian,
PRJEB14779,ERP016448,SAMEA104357346,ERR2179551,9796,Equus caballus,ILLUMINA,Illumina HiSeq 3000,60269866602;7243664,BAM;BAI,Arabian,
PRJNA841639,SRP376708,SAMN28605446,SRR19364611,9796,Equus caballus,ILLUMINA,Illumina HiSeq 2500,,FASTQ1;FASTQ2,Arabian,
PRJEB33818,ERP116642,SAMEA5842890,ERR3465834,9796,Equus caballus,ILLUMINA,Illumina HiSeq 2500,27560151388;29102915889,FASTQ1;FASTQ2,Arabian,
PRJEB33818,ERP116642,SAMEA5842891,ERR3465835,9796,Equus caballus,ILLUMINA,Illumina HiSeq 2500,25046496301;26630714952,FASTQ1;FASTQ2,Arabian,
PRJEB33818,ERP116642,SAMEA5842892,ERR3465836,9796,Equus caballus,ILLUMINA,Illumina HiSeq 2500,28858327894;31300893987,FASTQ1;FASTQ2,Arabian,
PRJEB33818,ERP116642,SAMEA5842893,ERR3465837,9796,Equus caballus,ILLUMINA,Illumina HiSeq 2500,26404733829;27713656564,FASTQ1;FASTQ2,Arabian,
PRJEB33818,ERP116642,SAMEA5842894,ERR3465838,9796,Equus caballus,ILLUMINA,Illumina HiSeq 2500,27402982541;29647080197,FASTQ1;FASTQ2,Arabian,
PRJEB33818,ERP116642,SAMEA5842895,ERR3465839,9796,Equus caballus,ILLUMINA,Illumina HiSeq 2500,22385959119;24222969029,FASTQ1;FASTQ2,Arabian,
PRJEB33818,ERP116642,SAMEA5842896,ERR3465840,9796,Equus caballus,ILLUMINA,Illumina HiSeq 2500,24230536119;26267115447,FASTQ1;FASTQ2,Arabian,
PRJEB33818,ERP116642,SAMEA5842897,ERR3465841,9796,Equus caballus,ILLUMINA,Illumina HiSeq 2500,26447656786;28535766237,FASTQ1;FASTQ2,Arabian,
PRJEB33818,ERP116642,SAMEA5842898,ERR3465842,9796,Equus caballus,ILLUMINA,Illumina HiSeq 2500,25881905481;29224145269,FASTQ1;FASTQ2,Arabian,
PRJEB33818,ERP116642,SAMEA5842903,ERR3465847,9796,Equus caballus,ILLUMINA,Illumina HiSeq 2500,27111675151;31058627880,FASTQ1;FASTQ2,Arabian,
PRJEB33818,ERP116642,SAMEA5842904,ERR3465848,9796,Equus caballus,ILLUMINA,Illumina HiSeq 2500,26595400560;30055262872,FASTQ1;FASTQ2,Arabian,
PRJEB9799,ERP010944,SAMEA3475296,ERR953412,9796,Equus caballus,ILLUMINA,Illumina HiSeq 2500,24235849031;24625863671,FASTQ1;FASTQ2,Arabian Horse,
PRJNA277815,SRP067394,SAMN04002382,SRR3017606,9796,Equus caballus,ILLUMINA,Illumina HiSeq 2000,,,Arabian horse,
PRJNA277815,SRP067394,SAMN03396969,SRR3017649,9796,Equus caballus,ILLUMINA,Illumina Genome Analyzer,,,Arabian_800,
PRJNA277815,SRP067394,SAMN03396935,SRR3017615,9796,Equus caballus,ILLUMINA,Illumina HiSeq 2500,,,Ardenner_H1076,
PRJNA277815,SRP067394,SAMN03396956,SRR3017636,9796,Equus caballus,ILLUMINA,Illumina HiSeq 2500,,,Ardenner_H4664,
PRJEB14779,ERP016448,SAMEA4351922,ERR1545179,9796,Equus caballus,ILLUMINA,Illumina HiSeq 2000,38035075157;7085336,BAM;BAI,Bavarian Warmblood,
PRJNA841639,SRP376708,SAMN28605469,SRR19364657,9796,Equus caballus,ILLUMINA,Illumina HiSeq 2500,,FASTQ1;FASTQ2,Bavarian Warmblood,
PRJNA841639,SRP376708,SAMN28605370,SRR19364582,9796,Equus caballus,ILLUMINA,Illumina HiSeq 2500,,FASTQ1;FASTQ2,Belgian Warmblood,
PRJNA841639,SRP376708,SAMN28605455,SRR19364601,9796,Equus caballus,ILLUMINA,Illumina HiSeq 2500,,FASTQ1;FASTQ2,Belgian Warmblood,
PRJEB9799,ERP010944,SAMEA3504070,ERR982786,9796,Equus caballus,ILLUMINA,Illumina HiSeq 2500,17635244073;17988119035,FASTQ1;FASTQ2,Chakouyi Horse,
PRJEB9799,ERP010944,SAMEA3504070,ERR982786,9796,Equus caballus,ILLUMINA,Illumina HiSeq 2500,17635244073;17988119035,ftp.sra.ebi.ac.uk/vol1/run/ERR982/ERR982786/2832_4902_8530_H8PNLADXX_CKY16_R1.fastq.gz;ftp.sra.ebi.ac.uk/vol1/run/ERR982/ERR982786/2832_4902_8530_H8PNLADXX_CKY16_R2.fastq.gz,Chakouyi Horse,
PRJNA273402,,SAMN03291441,,9796,,,Illumina HiSeq 2000,,,Connemara,more data to be collected +  37 samples
PRJNA273402,,SAMN03291442,,9796,,,Illumina HiSeq 2000,,,Connemara,more data to be collected +  37 samples
PRJNA273402,,SAMN03291459,,9796,,,Illumina HiSeq 2000,,,Connemara,more data to be collected +  37 samples
PRJNA273402,,SAMN03291461,,9796,,,Illumina HiSeq 2000,,,Connemara,more data to be collected +  37 samples
PRJNA416233,,SAMN07945816,,9796,,,,,,Criollo ,more data to be collected +  37 samples
PRJEB12979,ERP014514,SAMEA3889830,ERR1305961,9796,Equus caballus,ILLUMINA,Illumina HiSeq 2500,42823491635;7094272,BAM;BAI,Crossbred (Warmblood/Quarter Horse),
PRJEB12984,ERP014519,SAMEA3890331,ERR1306526,9796,Equus caballus,ILLUMINA,Illumina HiSeq 2500,40858308592;7087680,BAM;BAI,Crossbred (Warmblood/Quarter Horse),
PRJEB14779,ERP016448,SAMEA5600769,ERR3317814,9796,Equus caballus,ILLUMINA,Illumina NovaSeq 6000,23547507926;7800032,BAM;BAI,Deutsches Reitpony,
PRJNA277815,SRP067394,SAMN04002360,SRR3017595,582580,Equus asinus africanus,ILLUMINA,Illumina HiSeq 2000,,,Domestic Donkey,
PRJEB14779,ERP016448,SAMEA4075261,ERR1527967,9796,Equus caballus,ILLUMINA,Illumina HiSeq 2000,29823498730;7088960,BAM;BAI,Dutch Warmblood,
PRJNA841639,SRP376708,SAMN28605466,SRR19364660,9796,Equus caballus,ILLUMINA,Illumina HiSeq 2500,,FASTQ1;FASTQ2,Dutch Warmblood,
PRJNA277815,SRP067394,SAMN04002342,SRR3017577,9796,Equus caballus,ILLUMINA,Illumina HiSeq 2000,,,F1 Domestic x Przewalski hybrid,
PRJNA277815,SRP067394,SAMN03396947,SRR3017627,9796,Equus caballus,ILLUMINA,Illumina HiSeq 2500,,,Faroe pony_H2601,
PRJNA277815,SRP067394,SAMN03396963,SRR3017643,9796,Equus caballus,ILLUMINA,Illumina HiSeq 2500,,,Faroe pony_H7619,
PRJNA277815,SRP067394,SAMN03396964,SRR3017644,9796,Equus caballus,ILLUMINA,Illumina HiSeq 2500,,,Faroe pony_H7688,
PRJNA277815,SRP067394,SAMN04002341,SRR3017576,9796,Equus caballus,ILLUMINA,Illumina HiSeq 2000,,,Fjord,
PRJEB14779,ERP016448,SAMEA6135897,ERR3628174,9796,Equus caballus,ILLUMINA,Illumina NovaSeq 6000,17064434527,BAM,Franches-Montagnes,
PRJEB14779,ERP016448,SAMEA112359676,ERR10802366,9796,Equus caballus,ILLUMINA,Illumina NovaSeq 6000,25262753965;7805824,BAM;BAI,Franches-Montagnes,
PRJEB14779,ERP016448,SAMEA112839428,ERR11152725,9796,Equus caballus,ILLUMINA,Illumina NovaSeq 6000,30276033586;7845784,BAM;BAI,Franches-Montagnes,
PRJEB14779,ERP016448,SAMEA112839429,ERR11152726,9796,Equus caballus,ILLUMINA,Illumina NovaSeq 6000,28623929698;7840160,BAM;BAI,Franches-Montagnes,
PRJEB14779,ERP016448,SAMEA112839432,ERR11152729,9796,Equus caballus,ILLUMINA,Illumina NovaSeq 6000,34313707814;7804944,BAM;BAI,Franches-Montagnes,
PRJEB14779,ERP016448,SAMEA112839433,ERR11152730,9796,Equus caballus,ILLUMINA,Illumina NovaSeq 6000,22925665300;7797608,BAM;BAI,Franches-Montagnes,
PRJEB14779,ERP016448,SAMEA112839434,ERR11152731,9796,Equus caballus,ILLUMINA,Illumina NovaSeq 6000,24705555077;7800328,BAM;BAI,Franches-Montagnes,
PRJEB14779,ERP016448,SAMEA4075246,ERR1527952,9796,Equus caballus,ILLUMINA,Illumina HiSeq 2000,55116271165;7099312,BAM;BAI,Franches-Montagnes,
PRJEB14779,ERP016448,SAMEA4075247,ERR1527953,9796,Equus caballus,ILLUMINA,Illumina HiSeq 2000,23303880928;7069560,BAM;BAI,Franches-Montagnes,
PRJEB14779,ERP016448,SAMEA4075248,ERR1527954,9796,Equus caballus,ILLUMINA,Illumina HiSeq 2000,27078141638;7102856,BAM;BAI,Franches-Montagnes,
PRJEB14779,ERP016448,SAMEA4075249,ERR1527955,9796,Equus caballus,ILLUMINA,Illumina HiSeq 2000,34322406835;7081776,BAM;BAI,Franches-Montagnes,
PRJEB14779,ERP016448,SAMEA4075250,ERR1527956,9796,Equus caballus,ILLUMINA,Illumina HiSeq 2000,36303913449;7081832,BAM;BAI,Franches-Montagnes,
PRJEB14779,ERP016448,SAMEA4075251,ERR1527957,9796,Equus caballus,ILLUMINA,Illumina HiSeq 2000,17124729744;7054064,BAM;BAI,Franches-Montagnes,
PRJEB14779,ERP016448,SAMEA4075252,ERR1527958,9796,Equus caballus,ILLUMINA,Illumina HiSeq 2000,44785019796;7095872,BAM;BAI,Franches-Montagnes,
PRJEB14779,ERP016448,SAMEA4075253,ERR1527959,9796,Equus caballus,ILLUMINA,Illumina HiSeq 2000,35756848339;7084936,BAM;BAI,Franches-Montagnes,
PRJEB14779,ERP016448,SAMEA4075254,ERR1527960,9796,Equus caballus,ILLUMINA,Illumina HiSeq 2000,13666266144;7024904,BAM;BAI,Franches-Montagnes,
PRJEB14779,ERP016448,SAMEA4075255,ERR1527961,9796,Equus caballus,ILLUMINA,Illumina HiSeq 2000,28382124805;7075520,BAM;BAI,Franches-Montagnes,
PRJEB14779,ERP016448,SAMEA4075256,ERR1527962,9796,Equus caballus,ILLUMINA,Illumina HiSeq 2000,37297881012;7086432,BAM;BAI,Franches-Montagnes,
PRJEB14779,ERP016448,SAMEA4075257,ERR1527963,9796,Equus caballus,ILLUMINA,Illumina HiSeq 2000,34908165713;7081664,BAM;BAI,Franches-Montagnes,
PRJEB14779,ERP016448,SAMEA4075258,ERR1527964,9796,Equus caballus,ILLUMINA,Illumina HiSeq 2000,33134945549;7081608,BAM;BAI,Franches-Montagnes,
PRJEB14779,ERP016448,SAMEA4075259,ERR1527965,9796,Equus caballus,ILLUMINA,Illumina HiSeq 2000,35064787818;7080280,BAM;BAI,Franches-Montagnes,
PRJEB14779,ERP016448,SAMEA4075265,ERR1527971,9796,Equus caballus,ILLUMINA,Illumina HiSeq 2000,41391072378;7092688,BAM;BAI,Franches-Montagnes,
PRJEB14779,ERP016448,SAMEA104357335,ERR2179540,9796,Equus caballus,ILLUMINA,Illumina HiSeq 3000,23371870241;7067672,BAM;BAI,Franches-Montagnes,
PRJEB14779,ERP016448,SAMEA104357336,ERR2179541,9796,Equus caballus,ILLUMINA,Illumina HiSeq 3000,36054309535;7088304,BAM;BAI,Franches-Montagnes,
PRJEB5942,ERP005387,SAMEA2421738,ERR466186,9796,Equus caballus,ILLUMINA,Illumina HiSeq 2000,22168481969,BAM,Franches-Montagnes horse,
PRJEB13863,ERP015442,SAMEA3951217,ERR1397959,9796,Equus caballus,ILLUMINA,NextSeq 500,8803589024;7042096,BAM;BAI,Friesian dwarf,
PRJEB13863,ERP015442,SAMEA3951218,ERR1397960,9796,Equus caballus,ILLUMINA,NextSeq 500,9765425894;7051256,BAM;BAI,Friesian dwarf,
PRJEB13863,ERP015442,SAMEA3951219,ERR1397961,9796,Equus caballus,ILLUMINA,NextSeq 500,21168355511;7102304,BAM;BAI,Friesian dwarf,
PRJEB13863,ERP015442,SAMEA3951220,ERR1397962,9796,Equus caballus,ILLUMINA,NextSeq 500,22119979020;7112968,BAM;BAI,Friesian dwarf,
PRJEB13863,ERP015442,SAMEA3951221,ERR1397963,9796,Equus caballus,ILLUMINA,NextSeq 500,21764713444;7110024,BAM;BAI,Friesian dwarf,
PRJEB13863,ERP015442,SAMEA3951222,ERR1397964,9796,Equus caballus,ILLUMINA,NextSeq 500,16985666518;7095048,BAM;BAI,Friesian dwarf,
PRJEB13863,ERP015442,SAMEA3951223,ERR1397965,9796,Equus caballus,ILLUMINA,NextSeq 500,16602071009;7102160,BAM;BAI,Friesian dwarf,
PRJEB14779,ERP016448,SAMEA104357337,ERR2179542,9796,Equus caballus,ILLUMINA,Illumina HiSeq 3000,46016043486;7199560,BAM;BAI,German Riding Pony,
PRJEB14779,ERP016448,SAMEA104357340,ERR2179545,9796,Equus caballus,ILLUMINA,Illumina HiSeq 3000,19892863627;7106920,BAM;BAI,German Riding Pony,
PRJEB14779,ERP016448,SAMEA4351921,ERR1545178,9796,Equus caballus,ILLUMINA,Illumina HiSeq 2000,37818939101;7087304,BAM;BAI,German WarmBlood,
PRJEB14779,ERP016448,SAMEA4351923,ERR1545180,9796,Equus caballus,ILLUMINA,Illumina HiSeq 2000,29585142214;7077048,BAM;BAI,German WarmBlood,
PRJEB14779,ERP016448,SAMEA4351924,ERR1545181,9796,Equus caballus,ILLUMINA,Illumina HiSeq 2000,43711245341;7089856,BAM;BAI,German WarmBlood,
PRJEB14779,ERP016448,SAMEA4351925,ERR1545182,9796,Equus caballus,ILLUMINA,Illumina HiSeq 2000,29143582569;7073648,BAM;BAI,German WarmBlood,
PRJEB14779,ERP016448,SAMEA4351926,ERR1545183,9796,Equus caballus,ILLUMINA,Illumina HiSeq 2000,43254135345;7095040,BAM;BAI,German WarmBlood,
PRJEB14779,ERP016448,SAMEA4351927,ERR1545184,9796,Equus caballus,ILLUMINA,Illumina HiSeq 2000,36538613259;7087272,BAM;BAI,German WarmBlood,
PRJEB14779,ERP016448,SAMEA4351928,ERR1545185,9796,Equus caballus,ILLUMINA,Illumina HiSeq 2000,32606400079;7077608,BAM;BAI,German WarmBlood,
PRJEB14779,ERP016448,SAMEA4351930,ERR1545186,9796,Equus caballus,ILLUMINA,Illumina HiSeq 2000,46445326498;7091624,BAM;BAI,German WarmBlood,
PRJEB14779,ERP016448,SAMEA4351931,ERR1545187,9796,Equus caballus,ILLUMINA,Illumina HiSeq 2000,37862290115;7079464,BAM;BAI,German WarmBlood,
PRJEB14779,ERP016448,SAMEA4351933,ERR1545188,9796,Equus caballus,ILLUMINA,Illumina HiSeq 2000,71946189580;7348400,BAM;BAI,German WarmBlood,
PRJEB14779,ERP016448,SAMEA4351934,ERR1545189,9796,Equus caballus,ILLUMINA,Illumina HiSeq 2000,59029059845;7303696,BAM;BAI,German WarmBlood,
PRJEB14779,ERP016448,SAMEA4351932,ERR1545190,9796,Equus caballus,ILLUMINA,Illumina HiSeq 2000,36863225736;7090936,BAM;BAI,German WarmBlood,
PRJNA841639,SRP376708,SAMN28605463,SRR19364561,9796,Equus caballus,ILLUMINA,Illumina HiSeq 2500,,FASTQ1;FASTQ2,German Warmblood,
PRJNA841639,SRP376708,SAMN28605458,SRR19364566,9796,Equus caballus,ILLUMINA,Illumina HiSeq 2500,,FASTQ1;FASTQ2,German Warmblood,
PRJNA841639,SRP376708,SAMN28605434,SRR19364625,9796,Equus caballus,ILLUMINA,Illumina HiSeq 2500,,FASTQ1;FASTQ2,German Warmblood,
PRJNA277815,SRP067394,SAMN03396937,SRR3017617,9796,Equus caballus,ILLUMINA,Illumina HiSeq 2500,,,Gotland pony_H1099,
PRJNA277815,SRP067394,SAMN03396938,SRR3017618,9796,Equus caballus,ILLUMINA,Illumina HiSeq 2500,,,Gotland pony_H1130,
PRJNA277815,SRP067394,SAMN03396939,SRR3017619,9796,Equus caballus,ILLUMINA,Illumina HiSeq 2500,,,Gotland pony_H1155,
PRJNA277815,SRP067394,SAMN03396940,SRR3017620,9796,Equus caballus,ILLUMINA,Illumina HiSeq 2500,,,Gotland pony_H1158,
PRJNA277815,SRP067394,SAMN03396941,SRR3017621,9796,Equus caballus,ILLUMINA,Illumina HiSeq 2500,,,Gotland pony_H177273,
PRJNA277815,SRP067394,SAMN03396942,SRR3017622,9796,Equus caballus,ILLUMINA,Illumina HiSeq 2500,,,Gotland pony_H177274,
PRJNA277815,SRP067394,SAMN03396943,SRR3017623,9796,Equus caballus,ILLUMINA,Illumina HiSeq 2500,,,Gotland pony_H177434,
PRJNA277815,SRP067394,SAMN03396946,SRR3017626,9796,Equus caballus,ILLUMINA,Illumina HiSeq 2500,,,Gotland pony_H2370,
PRJNA277815,SRP067394,SAMN03396948,SRR3017628,9796,Equus caballus,ILLUMINA,Illumina HiSeq 2500,,,Gotland pony_H2671,
PRJNA277815,SRP067394,SAMN03396949,SRR3017629,9796,Equus caballus,ILLUMINA,Illumina HiSeq 2500,,,Gotland pony_H2716,
PRJNA277815,SRP067394,SAMN03396950,SRR3017630,9796,Equus caballus,ILLUMINA,Illumina HiSeq 2500,,,Gotland pony_H3336,
PRJNA277815,SRP067394,SAMN03396952,SRR3017632,9796,Equus caballus,ILLUMINA,Illumina HiSeq 2500,,,Gotland pony_H3935,
PRJNA277815,SRP067394,SAMN03396953,SRR3017633,9796,Equus caballus,ILLUMINA,Illumina HiSeq 2500,,,Gotland pony_H4363,
PRJNA277815,SRP067394,SAMN03396954,SRR3017634,9796,Equus caballus,ILLUMINA,Illumina HiSeq 2500,,,Gotland pony_H4364,
PRJNA277815,SRP067394,SAMN03396965,SRR3017645,9796,Equus caballus,ILLUMINA,Illumina HiSeq 2500,,,Gotland pony_H77512,
PRJNA277815,SRP067394,SAMN04002364,SRR3017599,9792,Equus grevyi,ILLUMINA,Illumina HiSeq 2000,,,Grevy's Zebra1,
PRJNA277815,SRP067394,SAMN04002365,SRR3017600,9792,Equus grevyi,ILLUMINA,Illumina HiSeq 2000,,,Grevy's Zebra2,
PRJEB14779,ERP016448,SAMEA4075260,ERR1527966,9796,Equus caballus,ILLUMINA,Illumina HiSeq 2000,23675229518;7065240,BAM;BAI,Haflinger,
PRJEB14779,ERP016448,SAMEA104357348,ERR2179553,9796,Equus caballus,ILLUMINA,Illumina HiSeq 3000,34130879303;7134016,BAM;BAI,Haflinger,
PRJEB14779,ERP016448,SAMEA104357349,ERR2179554,9796,Equus caballus,ILLUMINA,Illumina HiSeq 3000,40404909719;7168944,BAM;BAI,Haflinger,
PRJEB14779,ERP016448,SAMEA104357350,ERR2179555,9796,Equus caballus,ILLUMINA,Illumina HiSeq 3000,32305140521;7132848,BAM;BAI,Haflinger,
PRJEB30871,ERP113360,SAMEA5721584,ERR3382886,9796,Equus caballus,ILLUMINA,Illumina HiSeq 4000,15704089890;17820350712,FASTQ1;FASTQ2,Haflinger,
PRJEB30871,ERP113360,SAMEA5721585,ERR3382887,9796,Equus caballus,ILLUMINA,Illumina HiSeq 4000,12231066079;13894346346,FASTQ1;FASTQ2,Haflinger,
PRJEB30871,ERP113360,SAMEA5721586,ERR3382888,9796,Equus caballus,ILLUMINA,Illumina HiSeq 4000,8166991041;9066959213,FASTQ1;FASTQ2,Haflinger,
PRJEB30871,ERP113360,SAMEA5721587,ERR3382889,9796,Equus caballus,ILLUMINA,Illumina HiSeq 4000,9974026559;11116759190,FASTQ1;FASTQ2,Haflinger,
PRJEB30871,ERP113360,SAMEA5721588,ERR3382890,9796,Equus caballus,ILLUMINA,Illumina HiSeq 4000,13904779104;15626167265,FASTQ1;FASTQ2,Haflinger,
PRJEB30871,ERP113360,SAMEA5721589,ERR3382891,9796,Equus caballus,ILLUMINA,Illumina HiSeq 4000,16598434124;18906956151,FASTQ1;FASTQ2,Haflinger,
PRJEB14779,ERP016448,SAMEA104357344,ERR2179549,9796,Equus caballus,ILLUMINA,Illumina HiSeq 3000,57251254475;7244912,BAM;BAI,Hannoveraner,
PRJNA841639,SRP376708,SAMN28605460,SRR19364564,9796,Equus caballus,ILLUMINA,Illumina HiSeq 2500,,FASTQ1;FASTQ2,Hanoverian,
PRJNA841639,SRP376708,SAMN28605401,SRR19364597,9796,Equus caballus,ILLUMINA,Illumina HiSeq 2500,,FASTQ1;FASTQ2,Hanoverian,
PRJNA841639,SRP376708,SAMN28605441,SRR19364617,9796,Equus caballus,ILLUMINA,Illumina HiSeq 2500,,FASTQ1;FASTQ2,Hanoverian,
PRJNA841639,SRP376708,SAMN28605382,SRR19364650,9796,Equus caballus,ILLUMINA,Illumina HiSeq 2500,,FASTQ1;FASTQ2,Hanoverian,
PRJNA841639,SRP376708,SAMN28605467,SRR19364659,9796,Equus caballus,ILLUMINA,Illumina HiSeq 2500,,FASTQ1;FASTQ2,Hanoverian,
PRJNA841639,SRP376708,SAMN28605465,SRR19364661,9796,Equus caballus,ILLUMINA,Illumina HiSeq 2500,,FASTQ1;FASTQ2,Hanoverian,
PRJEB14779,ERP016448,SAMEA104357342,ERR2179547,9796,Equus caballus,ILLUMINA,Illumina HiSeq 3000,25070286909;7092280,BAM;BAI,Holsteiner,
PRJEB14779,ERP016448,SAMEA4822841,ERR2731058,9796,Equus caballus,ILLUMINA,Illumina NovaSeq 6000,24088631371;7802432,BAM;BAI,Holsteiner,
PRJEB14779,ERP016448,SAMEA4822842,ERR2731059,9796,Equus caballus,ILLUMINA,Illumina NovaSeq 6000,6483308835;7739232,BAM;BAI,Holsteiner,
PRJEB14779,ERP016448,SAMEA4822843,ERR2731060,9796,Equus caballus,ILLUMINA,Illumina NovaSeq 6000,18481186269;7799176,BAM;BAI,Holsteiner,
PRJEB14779,ERP016448,SAMEA4822844,ERR2731061,9796,Equus caballus,ILLUMINA,Illumina NovaSeq 6000,10019795792;7787296,BAM;BAI,Holsteiner,
PRJNA841639,SRP376708,SAMN28605442,SRR19364616,9796,Equus caballus,ILLUMINA,Illumina HiSeq 2500,,FASTQ1;FASTQ2,Holsteiner,
PRJNA841639,SRP376708,SAMN28605428,SRR19364631,9796,Equus caballus,ILLUMINA,Illumina HiSeq 2500,,FASTQ1;FASTQ2,Holsteiner,
PRJEB9139,ERP010217,SAMEA3355589,ERR863167,9796,Equus caballus,ILLUMINA,Illumina HiSeq 2000,20370070512,BAM,Icelandic,
PRJEB14779,ERP016448,SAMEA4822840,ERR2731057,9796,Equus caballus,ILLUMINA,Illumina NovaSeq 6000,23779364315;7802144,BAM;BAI,Icelandic,
PRJNA277815,SRP067394,SAMN04002336,SRR3017571,9796,Equus caballus,ILLUMINA,Illumina HiSeq 2000,,,Icelandic Horse,
PRJNA277815,SRP067394,SAMN03396974,SRR3017654,9796,Equus caballus,ILLUMINA,Illumina Genome Analyzer,,,Icelandic_4380,
PRJNA277815,SRP067394,SAMN03396933,SRR3017613,9796,Equus caballus,ILLUMINA,Illumina HiSeq 2500,,,Icelandic_FI-B-45,
PRJNA277815,SRP067394,SAMN03396934,SRR3017614,9796,Equus caballus,ILLUMINA,Illumina HiSeq 2500,,,Icelandic_FI-B-47,
PRJNA277815,SRP067394,SAMN03396966,SRR3017646,9796,Equus caballus,ILLUMINA,Illumina HiSeq 2500,,,Icelandic_HFIb-28,
PRJNA277815,SRP067394,SAMN03396967,SRR3017647,9796,Equus caballus,ILLUMINA,Illumina HiSeq 2500,,,Icelandic_sFI-9,
PRJNA277815,SRP067394,SAMN03396968,SRR3017648,9796,Equus caballus,ILLUMINA,Illumina HiSeq 2500,,,Icelandic_sP5782,
PRJNA841639,SRP376708,SAMN28605381,SRR19364651,9796,Equus caballus,ILLUMINA,Illumina HiSeq 2500,,FASTQ1;FASTQ2,Irish Sport Horse,
PRJNA391840,,SAMN07276823,,9796,,,Illumina HiSeq 1500,,,Italian Trotter,more data to be collected
PRJNA168142,,SAMN01047707,,9796,,,Illumina HiSeq 2000,30.76 Gb,,Jeju,more data to be collected
PRJNA169102,,SAMN01057170,,,,,Illumina HiSeq 2000,3.07 Gb,,Jeju,more data to be collected
PRJNA169102,,SAMN01057171,,,,,Illumina HiSeq 2000,,,Jeju,more data to be collected
PRJNA169102,,SAMN01057172,,,,,Illumina HiSeq 2000,,,Jeju,more data to be collected
PRJNA277815,SRP067394,SAMN04002361,SRR3017596,94398,Equus kiang,ILLUMINA,Illumina HiSeq 2000,,,Kiang1,
PRJNA277815,SRP067394,SAMN04002362,SRR3017597,94398,Equus kiang,ILLUMINA,Illumina HiSeq 2000,,,Kiang2,
PRJNA277815,SRP067394,SAMN03396971,SRR3017651,9796,Equus caballus,ILLUMINA,Illumina Genome Analyzer,,,Knaubstrupper_KB,
PRJNA357976,,SAMN06017257,,,,,Illumina HiSeq 2000,,,Lipizzan,more data to be collected
PRJNA357976,,SAMN06017258,,,,,Illumina HiSeq 2000,,,Lipizzan,more data to be collected
PRJNA357976,,SAMN06017259,,,,,Illumina HiSeq 2000,,,Lipizzan,more data to be collected
PRJNA357976,,SAMN06028168,,,,,Illumina HiSeq 2000,,,Lipizzan,more data to be collected
PRJNA841639,SRP376708,SAMN28605420,SRR19364576,9796,Equus caballus,ILLUMINA,Illumina HiSeq 2500,,FASTQ1;FASTQ2,Lippizaner,
PRJNA841639,SRP376708,SAMN28605435,SRR19364623,9796,Equus caballus,ILLUMINA,Illumina HiSeq 2500,,FASTQ1;FASTQ2,Lippizaner,
PRJNA277815,SRP067394,SAMN03396972,SRR3017652,9796,Equus caballus,ILLUMINA,Illumina Genome Analyzer,,,Lippizaner_L147,
PRJNA841639,SRP376708,SAMN28605400,SRR19364598,9796,Equus caballus,ILLUMINA,Illumina HiSeq 2500,,FASTQ1;FASTQ2,Lusitano,
PRJEB9799,ERP010944,SAMEA3504078,ERR982794,9796,Equus caballus,ILLUMINA,Illumina HiSeq 2500,21113932348;21361169132,FASTQ1;FASTQ2,Mangalarga Marchador Horse,
PRJEB9799,ERP010944,SAMEA3504078,ERR982794,9796,Equus caballus,ILLUMINA,Illumina HiSeq 2500,21113932348;21361169132,FASTQ1;FASTQ2,Mangalarga Marchador Horse,
PRJNA277815,SRP067394,SAMN04002334,SRR3017568,9796,Equus caballus,ILLUMINA,Illumina HiSeq 2000,,,Mongolian Domestic,
PRJNA277815,SRP067394,SAMN04002338,SRR3017573,9796,Equus caballus,ILLUMINA,Illumina HiSeq 2000,,,Mongolian Domestic1,
PRJNA277815,SRP067394,SAMN04002339,SRR3017574,9796,Equus caballus,ILLUMINA,Illumina HiSeq 2000,,,Mongolian Domestic2,
PRJEB14779,ERP016448,SAMEA104357341,ERR2179546,9796,Equus caballus,ILLUMINA,Illumina HiSeq 3000,21089382848;7106760,BAM;BAI,Morgan Horse,
PRJEB14779,ERP016448,SAMEA104357341,ERR2179546,9796,Equus caballus,ILLUMINA,Illumina HiSeq 3000,21089382848;7106760,BAM;BAI,Morgan Horse,
PRJNA277815,SRP067394,SAMN04002366,SRR3017601,73335,Equus zebra hartmannae,ILLUMINA,Illumina HiSeq 2000,,,Mountain Zebra1,
PRJNA277815,SRP067394,SAMN04002367,SRR3017602,73335,Equus zebra hartmannae,ILLUMINA,Illumina HiSeq 2000,,,Mountain Zebra2,
PRJEB14779,ERP016448,SAMEA104357347,ERR2179552,9796,Equus caballus,ILLUMINA,Illumina HiSeq 3000,13401814013;7086336,BAM;BAI,Noriker,
PRJEB14779,ERP016448,SAMEA104357347,ERR2179552,9796,Equus caballus,ILLUMINA,Illumina HiSeq 3000,13401814013;7086336,BAM;BAI,Noriker,
PRJNA277815,SRP067394,SAMN03396970,SRR3017650,9796,Equus caballus,ILLUMINA,Illumina Genome Analyzer,,,Noriker_113,
PRJNA277815,SRP067394,SAMN03396951,SRR3017631,9796,Equus caballus,ILLUMINA,Illumina HiSeq 2500,,,North swedish draft_H3817,
PRJNA841639,SRP376708,SAMN28605456,SRR19364568,9796,Equus caballus,ILLUMINA,Illumina HiSeq 2500,,FASTQ1;FASTQ2,Oldenburg,
PRJNA841639,SRP376708,SAMN28605372,SRR19364624,9796,Equus caballus,ILLUMINA,Illumina HiSeq 2500,,FASTQ1;FASTQ2,Oldenburg,
PRJNA841639,SRP376708,SAMN28605433,SRR19364626,9796,Equus caballus,ILLUMINA,Illumina HiSeq 2500,,FASTQ1;FASTQ2,Oldenburg,
PRJNA841639,SRP376708,SAMN28605383,SRR19364649,9796,Equus caballus,ILLUMINA,Illumina HiSeq 2500,,FASTQ1;FASTQ2,Oldenburg,
PRJNA841639,SRP376708,SAMN28605376,SRR19364656,9796,Equus caballus,ILLUMINA,Illumina HiSeq 2500,,FASTQ1;FASTQ2,Oldenburg,
PRJEB14779,ERP016448,SAMEA104357343,ERR2179548,9796,Equus caballus,ILLUMINA,Illumina HiSeq 3000,22686570396;7109168,BAM;BAI,Oldenburger,
PRJEB14779,ERP016448,SAMEA104357343,ERR2179548,9796,Equus caballus,ILLUMINA,Illumina HiSeq 3000,22686570396;7109168,BAM;BAI,Oldenburger,
PRJNA277815,SRP067394,SAMN04002363,SRR3017598,9794,Equus hemionus,ILLUMINA,Illumina HiSeq 2000,,,Onager,
PRJNA841639,SRP376708,SAMN28605402,SRR19364596,9796,Equus caballus,ILLUMINA,Illumina HiSeq 2500,,FASTQ1;FASTQ2,Percheron,
PRJNA841639,SRP376708,SAMN28605425,SRR19364570,9796,Equus caballus,ILLUMINA,Illumina HiSeq 2500,,FASTQ1;FASTQ2,Percheron Cross,
PRJEB9799,ERP010944,SAMEA3475276,ERR953411,9796,Equus caballus,ILLUMINA,Illumina HiSeq 2500,28784541645;29307128169,FASTQ1;FASTQ2,Percheron horse,
PRJEB9799,ERP010944,SAMEA3475276,ERR953411,9796,Equus caballus,ILLUMINA,Illumina HiSeq 2500,28784541645;29307128169,FASTQ1;FASTQ2,Percheron horse,
PRJNA277815,SRP067394,SAMN04002370,SRR3017605,89252,Equus quagga burchellii,ILLUMINA,Illumina HiSeq 2000,,,Plains Zebra (Quagga),
PRJNA277815,SRP067394,SAMN04002368,SRR3017603,89252,Equus quagga burchellii,ILLUMINA,Illumina HiSeq 2000,,,Plains Zebra1,
PRJNA277815,SRP067394,SAMN04002369,SRR3017604,89252,Equus quagga burchellii,ILLUMINA,Illumina HiSeq 2000,,,Plains Zebra2,
PRJNA277815,SRP067394,SAMN04002343,SRR3017578,9796,Equus caballus,ILLUMINA,Illumina HiSeq 2000,,,Przewalski's Horse1,
PRJNA277815,SRP067394,SAMN04002352,SRR3017587,9796,Equus caballus,ILLUMINA,Illumina HiSeq 2000,,,Przewalski's Horse10,
PRJNA277815,SRP067394,SAMN04002353,SRR3017588,9796,Equus caballus,ILLUMINA,Illumina HiSeq 2000,,,Przewalski's Horse11,
PRJNA277815,SRP067394,SAMN04002354,SRR3017589,9796,Equus caballus,ILLUMINA,Illumina HiSeq 2000,,,Przewalski's Horse12,
PRJNA277815,SRP067394,SAMN04002355,SRR3017590,9796,Equus caballus,ILLUMINA,Illumina HiSeq 2000,,,Przewalski's Horse13,
PRJNA277815,SRP067394,SAMN04002356,SRR3017591,9796,Equus caballus,ILLUMINA,Illumina HiSeq 2000,,,Przewalski's Horse14,
PRJNA277815,SRP067394,SAMN04002344,SRR3017579,9796,Equus caballus,ILLUMINA,Illumina HiSeq 2000,,,Przewalski's Horse2,
PRJNA277815,SRP067394,SAMN04002345,SRR3017580,9796,Equus caballus,ILLUMINA,Illumina HiSeq 2000,,,Przewalski's Horse3,
PRJNA277815,SRP067394,SAMN04002346,SRR3017581,9796,Equus caballus,ILLUMINA,Illumina HiSeq 2000,,,Przewalski's Horse4,
PRJNA277815,SRP067394,SAMN04002347,SRR3017582,9796,Equus caballus,ILLUMINA,Illumina HiSeq 2000,,,Przewalski's Horse5,
PRJNA277815,SRP067394,SAMN04002348,SRR3017583,9796,Equus caballus,ILLUMINA,Illumina HiSeq 2000,,,Przewalski's Horse6,
PRJNA277815,SRP067394,SAMN04002349,SRR3017584,9796,Equus caballus,ILLUMINA,Illumina HiSeq 2000,,,Przewalski's Horse7,
PRJNA277815,SRP067394,SAMN04002350,SRR3017585,9796,Equus caballus,ILLUMINA,Illumina HiSeq 2000,,,Przewalski's Horse8,
PRJNA277815,SRP067394,SAMN04002351,SRR3017586,9796,Equus caballus,ILLUMINA,Illumina HiSeq 2000,,,Przewalski's Horse9,
PRJEB14779,ERP016448,SAMEA4075262,ERR1527968,9796,Equus caballus,ILLUMINA,Illumina HiSeq 2500,40377062164;7139136,BAM;BAI,Quarter Horse,
PRJEB14779,ERP016448,SAMEA4075263,ERR1527969,9796,Equus caballus,ILLUMINA,Illumina HiSeq 2500,62744439482;7251192,BAM;BAI,Quarter Horse,
PRJEB14779,ERP016448,SAMEA4075264,ERR1527970,9796,Equus caballus,ILLUMINA,Illumina HiSeq 2500,32961084823;7144144,BAM;BAI,Quarter Horse,
PRJNA841639,SRP376708,SAMN28605464,SRR19364560,9796,Equus caballus,ILLUMINA,Illumina HiSeq 2500,,FASTQ1;FASTQ2,Quarter Horse,
PRJNA841639,SRP376708,SAMN28605462,SRR19364562,9796,Equus caballus,ILLUMINA,Illumina HiSeq 2500,,FASTQ1;FASTQ2,Quarter Horse,
PRJNA841639,SRP376708,SAMN28605461,SRR19364563,9796,Equus caballus,ILLUMINA,Illumina HiSeq 2500,,FASTQ1;FASTQ2,Quarter Horse,
PRJNA841639,SRP376708,SAMN28605424,SRR19364572,9796,Equus caballus,ILLUMINA,Illumina HiSeq 2500,,FASTQ1;FASTQ2,Quarter Horse,
PRJNA841639,SRP376708,SAMN28605423,SRR19364573,9796,Equus caballus,ILLUMINA,Illumina HiSeq 2500,,FASTQ1;FASTQ2,Quarter Horse,
PRJNA841639,SRP376708,SAMN28605421,SRR19364575,9796,Equus caballus,ILLUMINA,Illumina HiSeq 2500,,FASTQ1;FASTQ2,Quarter Horse,
PRJNA841639,SRP376708,SAMN28605407,SRR19364590,9796,Equus caballus,ILLUMINA,Illumina HiSeq 2500,,FASTQ1;FASTQ2,Quarter Horse,
PRJNA841639,SRP376708,SAMN28605405,SRR19364592,9796,Equus caballus,ILLUMINA,Illumina HiSeq 2500,,FASTQ1;FASTQ2,Quarter Horse,
PRJNA841639,SRP376708,SAMN28605404,SRR19364594,9796,Equus caballus,ILLUMINA,Illumina HiSeq 2500,,FASTQ1;FASTQ2,Quarter Horse,
PRJNA841639,SRP376708,SAMN28605403,SRR19364595,9796,Equus caballus,ILLUMINA,Illumina HiSeq 2500,,FASTQ1;FASTQ2,Quarter Horse,
PRJNA841639,SRP376708,SAMN28605398,SRR19364600,9796,Equus caballus,ILLUMINA,Illumina HiSeq 2500,,FASTQ1;FASTQ2,Quarter Horse,
PRJNA841639,SRP376708,SAMN28605453,SRR19364604,9796,Equus caballus,ILLUMINA,Illumina HiSeq 2500,,FASTQ1;FASTQ2,Quarter Horse,
PRJNA841639,SRP376708,SAMN28605451,SRR19364606,9796,Equus caballus,ILLUMINA,Illumina HiSeq 2500,,FASTQ1;FASTQ2,Quarter Horse,
PRJNA841639,SRP376708,SAMN28605450,SRR19364607,9796,Equus caballus,ILLUMINA,Illumina HiSeq 2500,,FASTQ1;FASTQ2,Quarter Horse,
PRJNA841639,SRP376708,SAMN28605449,SRR19364608,9796,Equus caballus,ILLUMINA,Illumina HiSeq 2500,,FASTQ1;FASTQ2,Quarter Horse,
PRJNA841639,SRP376708,SAMN28605448,SRR19364609,9796,Equus caballus,ILLUMINA,Illumina HiSeq 2500,,FASTQ1;FASTQ2,Quarter Horse,
PRJNA841639,SRP376708,SAMN28605443,SRR19364615,9796,Equus caballus,ILLUMINA,Illumina HiSeq 2500,,FASTQ1;FASTQ2,Quarter Horse,
PRJNA841639,SRP376708,SAMN28605440,SRR19364618,9796,Equus caballus,ILLUMINA,Illumina HiSeq 2500,,FASTQ1;FASTQ2,Quarter Horse,
PRJNA841639,SRP376708,SAMN28605397,SRR19364633,9796,Equus caballus,ILLUMINA,Illumina HiSeq 2500,,FASTQ1;FASTQ2,Quarter Horse,
PRJNA841639,SRP376708,SAMN28605396,SRR19364634,9796,Equus caballus,ILLUMINA,Illumina HiSeq 2500,,FASTQ1;FASTQ2,Quarter Horse,
PRJNA841639,SRP376708,SAMN28605395,SRR19364635,9796,Equus caballus,ILLUMINA,Illumina HiSeq 2500,,FASTQ1;FASTQ2,Quarter Horse,
PRJNA841639,SRP376708,SAMN28605394,SRR19364637,9796,Equus caballus,ILLUMINA,Illumina HiSeq 2500,,FASTQ1;FASTQ2,Quarter Horse,
PRJNA841639,SRP376708,SAMN28605393,SRR19364638,9796,Equus caballus,ILLUMINA,Illumina HiSeq 2500,,FASTQ1;FASTQ2,Quarter Horse,
PRJNA841639,SRP376708,SAMN28605392,SRR19364639,9796,Equus caballus,ILLUMINA,Illumina HiSeq 2500,,FASTQ1;FASTQ2,Quarter Horse,
PRJNA841639,SRP376708,SAMN28605391,SRR19364640,9796,Equus caballus,ILLUMINA,Illumina HiSeq 2500,,FASTQ1;FASTQ2,Quarter Horse,
PRJNA841639,SRP376708,SAMN28605388,SRR19364643,9796,Equus caballus,ILLUMINA,Illumina HiSeq 2500,,FASTQ1;FASTQ2,Quarter Horse,
PRJNA841639,SRP376708,SAMN28605385,SRR19364646,9796,Equus caballus,ILLUMINA,Illumina HiSeq 2500,,FASTQ1;FASTQ2,Quarter Horse,
PRJNA841639,SRP376708,SAMN28605367,SRR19364647,9796,Equus caballus,ILLUMINA,Illumina HiSeq 2500,,FASTQ1;FASTQ2,Quarter Horse,
PRJNA841639,SRP376708,SAMN28605380,SRR19364652,9796,Equus caballus,ILLUMINA,Illumina HiSeq 2500,,FASTQ1;FASTQ2,Quarter Horse,
PRJNA841639,SRP376708,SAMN28605379,SRR19364653,9796,Equus caballus,ILLUMINA,Illumina HiSeq 2500,,FASTQ1;FASTQ2,Quarter Horse,
PRJNA841639,SRP376708,SAMN28605375,SRR19364662,9796,Equus caballus,ILLUMINA,Illumina HiSeq 2500,,FASTQ1;FASTQ2,Quarter Horse,
PRJNA841639,SRP376708,SAMN28605366,SRR19364663,9796,Equus caballus,ILLUMINA,Illumina HiSeq 2500,,FASTQ1;FASTQ2,Quarter Horse,
PRJNA841639,SRP376708,SAMN28605365,SRR19364664,9796,Equus caballus,ILLUMINA,Illumina HiSeq 2500,,FASTQ1;FASTQ2,Quarter Horse,
PRJNA277815,SRP067394,SAMN04002337,SRR3017572,9796,Equus caballus,ILLUMINA,Illumina HiSeq 2000,,,Quarter Horse,
PRJNA277815,SRP067394,SAMN03396975,SRR3017655,9796,Equus caballus,ILLUMINA,Illumina Genome Analyzer,,,Quarter horse_4443,
PRJNA277815,SRP067394,SAMN03396936,SRR3017616,9796,Equus caballus,ILLUMINA,Illumina HiSeq 2500,,,Quarter horse_H1086,
PRJNA277815,SRP067394,SAMN03396957,SRR3017637,9796,Equus caballus,ILLUMINA,Illumina HiSeq 2500,,,Quarter horse_H4903,
PRJNA277815,SRP067394,SAMN03396958,SRR3017638,9796,Equus caballus,ILLUMINA,Illumina HiSeq 2500,,,Quarter horse_H5381,
PRJEB14779,ERP016448,SAMEA112839435,ERR11152732,9796,Equus caballus,ILLUMINA,Illumina NovaSeq 6000,25524089033;7805120,BAM;BAI,Selle Francais stallion,
PRJEB9267,ERP010352,SAMEA3367609,ERR868003,9796,Equus caballus,ILLUMINA,Illumina HiSeq 2000,32753965354,BAM,Shetland Pony,
PRJEB9269,ERP010354,SAMEA3367610,ERR868004,9796,Equus caballus,ILLUMINA,Illumina HiSeq 2000,35563934485,BAM,Shetland Pony,
PRJEB14779,ERP016448,SAMEA4822839,ERR2731056,9796,Equus caballus,ILLUMINA,Illumina HiSeq 3000,6603404770;7702992,BAM;BAI,Shetland Pony,
PRJNA277815,SRP067394,SAMN03396927,SRR3017607,9796,Equus caballus,ILLUMINA,Illumina HiSeq 2500,,,Shetland pony_CG1,
PRJNA277815,SRP067394,SAMN03396928,SRR3017608,9796,Equus caballus,ILLUMINA,Illumina HiSeq 2500,,,Shetland pony_CG2,
PRJNA277815,SRP067394,SAMN03396929,SRR3017609,9796,Equus caballus,ILLUMINA,Illumina HiSeq 2500,,,Shetland pony_CG3,
PRJNA277815,SRP067394,SAMN03396930,SRR3017610,9796,Equus caballus,ILLUMINA,Illumina HiSeq 2500,,,Shetland pony_CG4,
PRJNA277815,SRP067394,SAMN03396931,SRR3017611,9796,Equus caballus,ILLUMINA,Illumina HiSeq 2500,,,Shetland pony_CG5,
PRJNA277815,SRP067394,SAMN03396932,SRR3017612,9796,Equus caballus,ILLUMINA,Illumina HiSeq 2500,,,Shetland pony_CG6,
PRJNA277815,SRP067394,SAMN03396945,SRR3017625,9796,Equus caballus,ILLUMINA,Illumina HiSeq 2500,,,Shetland pony_H2356,
PRJNA277815,SRP067394,SAMN03396959,SRR3017639,9796,Equus caballus,ILLUMINA,Illumina HiSeq 2500,,,Shetland pony_H5768,
PRJEB14651,ERP016307,SAMEA4059124,ERR1512897,9796,Equus caballus,ILLUMINA,Illumina HiSeq 2500,35111627136;7145856,BAM;BAI,Standardbred,
PRJNA841639,SRP376708,SAMN28605426,SRR19364569,9796,Equus caballus,ILLUMINA,Illumina HiSeq 2500,,FASTQ1;FASTQ2,Standardbred,
PRJNA841639,SRP376708,SAMN28605417,SRR19364579,9796,Equus caballus,ILLUMINA,Illumina HiSeq 2500,,FASTQ1;FASTQ2,Standardbred,
PRJNA841639,SRP376708,SAMN28605409,SRR19364588,9796,Equus caballus,ILLUMINA,Illumina HiSeq 2500,,FASTQ1;FASTQ2,Standardbred,
PRJNA841639,SRP376708,SAMN28605406,SRR19364591,9796,Equus caballus,ILLUMINA,Illumina HiSeq 2500,,FASTQ1;FASTQ2,Standardbred,
PRJNA841639,SRP376708,SAMN28605447,SRR19364610,9796,Equus caballus,ILLUMINA,Illumina HiSeq 2500,,FASTQ1;FASTQ2,Standardbred,
PRJNA841639,SRP376708,SAMN28605429,SRR19364630,9796,Equus caballus,ILLUMINA,Illumina HiSeq 2500,,FASTQ1;FASTQ2,Standardbred,
PRJEB33818,ERP116642,SAMEA5842899,ERR3465843,9796,Equus caballus,ILLUMINA,Illumina HiSeq 2500,27908209494;31892074734,FASTQ1;FASTQ2,Standardbred,
PRJEB33818,ERP116642,SAMEA5842900,ERR3465844,9796,Equus caballus,ILLUMINA,Illumina HiSeq 2500,25693294464;29367075495,FASTQ1;FASTQ2,Standardbred,
PRJNA277815,SRP067394,SAMN04002335,SRR3017570,9796,Equus caballus,ILLUMINA,Illumina HiSeq 2000,,,Standardbred,
PRJNA277815,SRP067394,SAMN03396944,SRR3017624,9796,Equus caballus,ILLUMINA,Illumina HiSeq 2500,,,Swedish warm blood_H184192,
PRJNA277815,SRP067394,SAMN03396961,SRR3017641,9796,Equus caballus,ILLUMINA,Illumina HiSeq 2500,,,Swedish warm blood_H6887,
PRJNA277815,SRP067394,SAMN03396962,SRR3017642,9796,Equus caballus,ILLUMINA,Illumina HiSeq 2500,,,Swedish warm blood_H6890,
PRJEB14779,ERP016448,SAMEA112839426,ERR11152723,9796,Equus caballus,ILLUMINA,Illumina NovaSeq 6000,34692161607;7862512,BAM;BAI,Swiss Warmblood,
PRJEB14779,ERP016448,SAMEA112839427,ERR11152724,9796,Equus caballus,ILLUMINA,Illumina NovaSeq 6000,30328110680;7849288,BAM;BAI,Swiss Warmblood,
PRJEB14779,ERP016448,SAMEA112839431,ERR11152728,9796,Equus caballus,ILLUMINA,Illumina NovaSeq 6000,27422617622;7801272,BAM;BAI,Swiss Warmblood,
PRJEB14779,ERP016448,SAMEA4075266,ERR1527972,9796,Equus caballus,ILLUMINA,Illumina HiSeq 2000,29240577165;7077928,BAM;BAI,Swiss Warmblood,
PRJEB14779,ERP016448,SAMEA104357351,ERR2179556,9796,Equus caballus,ILLUMINA,Illumina HiSeq 3000,37870538977;7171256,BAM;BAI,Swiss Warmblood,
PRJEB14779,ERP016448,SAMEA4075266,ERR1527972,9796,Equus caballus,ILLUMINA,Illumina HiSeq 2000,29240577165;7077928,BAM;BAI,Swiss Warmblood,
PRJEB9799,ERP010944,SAMEA3475316,ERR953413,9796,Equus caballus,ILLUMINA,Illumina HiSeq 2500,25430952234;25874243436,FASTQ1;FASTQ2,Tennessee Walking Horse,
PRJNA841639,SRP376708,SAMN28605459,SRR19364565,9796,Equus caballus,ILLUMINA,Illumina HiSeq 2500,,FASTQ1;FASTQ2,Thoroughbred,
PRJNA841639,SRP376708,SAMN28605457,SRR19364567,9796,Equus caballus,ILLUMINA,Illumina HiSeq 2500,,FASTQ1;FASTQ2,Thoroughbred,
PRJNA841639,SRP376708,SAMN28605416,SRR19364580,9796,Equus caballus,ILLUMINA,Illumina HiSeq 2500,,FASTQ1;FASTQ2,Thoroughbred,
PRJNA841639,SRP376708,SAMN28605415,SRR19364581,9796,Equus caballus,ILLUMINA,Illumina HiSeq 2500,,FASTQ1;FASTQ2,Thoroughbred,
PRJNA841639,SRP376708,SAMN28605414,SRR19364583,9796,Equus caballus,ILLUMINA,Illumina HiSeq 2500,,FASTQ1;FASTQ2,Thoroughbred,
PRJNA841639,SRP376708,SAMN28605413,SRR19364584,9796,Equus caballus,ILLUMINA,Illumina HiSeq 2500,,FASTQ1;FASTQ2,Thoroughbred,
PRJNA841639,SRP376708,SAMN28605412,SRR19364585,9796,Equus caballus,ILLUMINA,Illumina HiSeq 2500,,FASTQ1;FASTQ2,Thoroughbred,
PRJNA841639,SRP376708,SAMN28605411,SRR19364586,9796,Equus caballus,ILLUMINA,Illumina HiSeq 2500,,FASTQ1;FASTQ2,Thoroughbred,
PRJNA841639,SRP376708,SAMN28605410,SRR19364587,9796,Equus caballus,ILLUMINA,Illumina HiSeq 2500,,FASTQ1;FASTQ2,Thoroughbred,
PRJNA841639,SRP376708,SAMN28605408,SRR19364589,9796,Equus caballus,ILLUMINA,Illumina HiSeq 2500,,FASTQ1;FASTQ2,Thoroughbred,
PRJNA841639,SRP376708,SAMN28605369,SRR19364593,9796,Equus caballus,ILLUMINA,Illumina HiSeq 2500,,FASTQ1;FASTQ2,Thoroughbred,
PRJNA841639,SRP376708,SAMN28605374,SRR19364602,9796,Equus caballus,ILLUMINA,Illumina HiSeq 2500,,FASTQ1;FASTQ2,Thoroughbred,
PRJNA841639,SRP376708,SAMN28605454,SRR19364603,9796,Equus caballus,ILLUMINA,Illumina HiSeq 2500,,FASTQ1;FASTQ2,Thoroughbred,
PRJNA841639,SRP376708,SAMN28605452,SRR19364605,9796,Equus caballus,ILLUMINA,Illumina HiSeq 2500,,FASTQ1;FASTQ2,Thoroughbred,
PRJNA841639,SRP376708,SAMN28605373,SRR19364613,9796,Equus caballus,ILLUMINA,Illumina HiSeq 2500,,FASTQ1;FASTQ2,Thoroughbred,
PRJNA841639,SRP376708,SAMN28605439,SRR19364619,9796,Equus caballus,ILLUMINA,Illumina HiSeq 2500,,FASTQ1;FASTQ2,Thoroughbred,
PRJNA841639,SRP376708,SAMN28605437,SRR19364621,9796,Equus caballus,ILLUMINA,Illumina HiSeq 2500,,FASTQ1;FASTQ2,Thoroughbred,
PRJNA841639,SRP376708,SAMN28605436,SRR19364622,9796,Equus caballus,ILLUMINA,Illumina HiSeq 2500,,FASTQ1;FASTQ2,Thoroughbred,
PRJNA841639,SRP376708,SAMN28605432,SRR19364627,9796,Equus caballus,ILLUMINA,Illumina HiSeq 2500,,FASTQ1;FASTQ2,Thoroughbred,
PRJNA841639,SRP376708,SAMN28605431,SRR19364628,9796,Equus caballus,ILLUMINA,Illumina HiSeq 2500,,FASTQ1;FASTQ2,Thoroughbred,
PRJNA841639,SRP376708,SAMN28605430,SRR19364629,9796,Equus caballus,ILLUMINA,Illumina HiSeq 2500,,FASTQ1;FASTQ2,Thoroughbred,
PRJNA841639,SRP376708,SAMN28605427,SRR19364632,9796,Equus caballus,ILLUMINA,Illumina HiSeq 2500,,FASTQ1;FASTQ2,Thoroughbred,
PRJNA841639,SRP376708,SAMN28605390,SRR19364641,9796,Equus caballus,ILLUMINA,Illumina HiSeq 2500,,FASTQ1;FASTQ2,Thoroughbred,
PRJNA841639,SRP376708,SAMN28605387,SRR19364644,9796,Equus caballus,ILLUMINA,Illumina HiSeq 2500,,FASTQ1;FASTQ2,Thoroughbred,
PRJNA841639,SRP376708,SAMN28605386,SRR19364645,9796,Equus caballus,ILLUMINA,Illumina HiSeq 2500,,FASTQ1;FASTQ2,Thoroughbred,
PRJNA841639,SRP376708,SAMN28605378,SRR19364654,9796,Equus caballus,ILLUMINA,Illumina HiSeq 2500,,FASTQ1;FASTQ2,Thoroughbred,
PRJNA841639,SRP376708,SAMN28605377,SRR19364655,9796,Equus caballus,ILLUMINA,Illumina HiSeq 2500,,FASTQ1;FASTQ2,Thoroughbred,
PRJNA841639,SRP376708,SAMN28605468,SRR19364658,9796,Equus caballus,ILLUMINA,Illumina HiSeq 2500,,FASTQ1;FASTQ2,Thoroughbred,
PRJEB33818,ERP116642,SAMEA5842901,ERR3465845,9796,Equus caballus,ILLUMINA,Illumina HiSeq 2500,25636124802;28929276074,FASTQ1;FASTQ2,Thoroughbred,
PRJEB33818,ERP116642,SAMEA5842902,ERR3465846,9796,Equus caballus,ILLUMINA,Illumina HiSeq 2500,29764802108;32903231046,FASTQ1;FASTQ2,Thoroughbred,
PRJNA277815,SRP067394,SAMN04002340,SRR3017575,9796,Equus caballus,ILLUMINA,Illumina HiSeq 2000,,,Thoroughbred,
PRJEB26698,ERP108707,SAMEA104728842,ERR2576789,9796,Equus caballus,ILLUMINA,Illumina HiSeq 2500,9417671240;9555257954,FASTQ1;FASTQ2,Thoroughbreds,
PRJEB26698,ERP108707,SAMEA104728790,ERR2576791,9796,Equus caballus,ILLUMINA,Illumina HiSeq 2500,9526340866;9732560277,FASTQ1;FASTQ2,Thoroughbreds,
PRJNA515160,SRP179389,SAMN10743425,SRR8442554,9796,Equus caballus,ILLUMINA,HiSeq X Ten,,,Tibertan,
PRJNA515160,SRP179389,SAMN10743418,SRR8442555,9796,Equus caballus,ILLUMINA,HiSeq X Ten,,,Tibertan,
PRJNA515160,SRP179389,SAMN10743424,SRR8442553,9796,Equus caballus,ILLUMINA,HiSeq X Ten,,,Tibertan,
PRJNA515160,SRP179389,SAMN10743419,SRR8442557,9796,Equus caballus,ILLUMINA,HiSeq X Ten,,,Tibertan,data to be collected via non ebi database
PRJNA515160,SRP179389,SAMN10743420,SRR8442558,9796,Equus caballus,ILLUMINA,HiSeq X Ten,,,Tibertan,data to be collected via non ebi database
PRJNA515160,SRP179389,SAMN10743421,SRR8442559,9796,Equus caballus,ILLUMINA,HiSeq X Ten,,,Tibertan,data to be collected via non ebi database
PRJNA515160,SRP179389,SAMN10743411,SRR8442562,9796,Equus caballus,ILLUMINA,HiSeq X Ten,,,Tibertan,data to be collected via non ebi database
PRJNA515160,SRP179389,SAMN10743410,SRR8442563,9796,Equus caballus,ILLUMINA,HiSeq X Ten,,,Tibertan,data to be collected via non ebi database
PRJNA515160,SRP179389,SAMN10743409,SRR8442564,9796,Equus caballus,ILLUMINA,HiSeq X Ten,,,Tibertan,data to be collected via non ebi database
PRJNA515160,SRP179389,SAMN10743408,SRR8442565,9796,Equus caballus,ILLUMINA,HiSeq X Ten,,,Tibertan,data to be collected via non ebi database
PRJNA515160,SRP179389,SAMN10743415,SRR8442566,9796,Equus caballus,ILLUMINA,HiSeq X Ten,,,Tibertan,data to be collected via non ebi database
PRJNA515160,SRP179389,SAMN10743414,SRR8442567,9796,Equus caballus,ILLUMINA,HiSeq X Ten,,,Tibertan,data to be collected via non ebi database
PRJNA515160,SRP179389,SAMN10743413,SRR8442568,9796,Equus caballus,ILLUMINA,HiSeq X Ten,,,Tibertan,data to be collected via non ebi database
PRJNA515160,SRP179389,SAMN10743412,SRR8442569,9796,Equus caballus,ILLUMINA,HiSeq X Ten,,,Tibertan,data to be collected via non ebi database
PRJNA515160,SRP179389,SAMN10743417,SRR8442571,9796,Equus caballus,ILLUMINA,HiSeq X Ten,,,Tibertan,data to be collected via non ebi database
PRJNA515160,SRP179389,SAMN10743416,SRR8442572,9796,Equus caballus,ILLUMINA,HiSeq X Ten,,,Tibertan,data to be collected via non ebi database
PRJNA515160,SRP179389,SAMN10743390,SRR8442577,9796,Equus caballus,ILLUMINA,HiSeq X Ten,,,Tibertan,data to be collected via non ebi database
PRJNA515160,SRP179389,SAMN10743391,SRR8442578,9796,Equus caballus,ILLUMINA,HiSeq X Ten,,,Tibertan,data to be collected via non ebi database
PRJNA515160,SRP179389,SAMN10743388,SRR8442579,9796,Equus caballus,ILLUMINA,HiSeq X Ten,,,Tibertan,data to be collected via non ebi database
PRJNA515160,SRP179389,SAMN10743389,SRR8442580,9796,Equus caballus,ILLUMINA,HiSeq X Ten,,,Tibertan,data to be collected via non ebi database
PRJNA515160,SRP179389,SAMN10743392,SRR8442583,9796,Equus caballus,ILLUMINA,HiSeq X Ten,,,Tibertan,data to be collected via non ebi database
PRJNA515160,SRP179389,SAMN10743393,SRR8442584,9796,Equus caballus,ILLUMINA,HiSeq X Ten,,,Tibertan,data to be collected via non ebi database
PRJNA515160,SRP179389,SAMN10743406,SRR8442586,9796,Equus caballus,ILLUMINA,HiSeq X Ten,,,Tibertan,data to be collected via non ebi database
PRJNA515160,SRP179389,SAMN10743407,SRR8442587,9796,Equus caballus,ILLUMINA,HiSeq X Ten,,,Tibertan,data to be collected via non ebi database
PRJNA515160,SRP179389,SAMN10743401,SRR8442592,9796,Equus caballus,ILLUMINA,HiSeq X Ten,,,Tibertan,data to be collected via non ebi database
PRJNA515160,SRP179389,SAMN10743404,SRR8442595,9796,Equus caballus,ILLUMINA,HiSeq X Ten,,,Tibertan,data to be collected via non ebi database
PRJNA515160,SRP179389,SAMN10743405,SRR8442596,9796,Equus caballus,ILLUMINA,HiSeq X Ten,,,Tibertan,data to be collected via non ebi database
PRJNA515160,SRP179389,SAMN10743402,SRR8442597,9796,Equus caballus,ILLUMINA,HiSeq X Ten,,,Tibertan,data to be collected via non ebi database
PRJNA515160,SRP179389,SAMN10743403,SRR8442598,9796,Equus caballus,ILLUMINA,HiSeq X Ten,,,Tibertan,data to be collected via non ebi database
PRJNA515160,SRP179389,SAMN10743422,SRR8442599,9796,Equus caballus,ILLUMINA,HiSeq X Ten,,,Tibertan,data to be collected via non ebi database
PRJNA515160,SRP179389,SAMN10743423,SRR8442602,9796,Equus caballus,ILLUMINA,HiSeq X Ten,,,Tibertan,data to be collected via non ebi database
PRJEB14779,ERP016448,SAMEA6135894,ERR3628171,9796,Equus caballus,ILLUMINA,Illumina NovaSeq 6000,31599920709,BAM,Traber,
PRJEB14779,ERP016448,SAMEA6135895,ERR3628172,9796,Equus caballus,ILLUMINA,Illumina NovaSeq 6000,24272106357,BAM,Traber,
PRJEB14779,ERP016448,SAMEA6135896,ERR3628173,9796,Equus caballus,ILLUMINA,Illumina NovaSeq 6000,26345429045,BAM,Traber,
PRJEB14779,ERP016448,SAMEA104399644,ERR2203766,9796,Equus caballus,ILLUMINA,Illumina HiSeq 3000,38435126417;7165976,BAM;BAI,Trakehner,
PRJNA841639,SRP376708,SAMN28605418,SRR19364578,9796,Equus caballus,ILLUMINA,Illumina HiSeq 2500,,FASTQ1;FASTQ2,Trakehner,
PRJEB14779,ERP016448,SAMEA4552432,ERR1735862,9796,Equus caballus,ILLUMINA,Illumina HiSeq 2500,39359423566;7127584,BAM;BAI,Vollblut - female,
PRJNA841639,SRP376708,SAMN28605389,SRR19364642,9796,Equus caballus,ILLUMINA,Illumina HiSeq 2500,,FASTQ1;FASTQ2,Warmblood x American Paint Horse,
PRJEB14779,ERP016448,SAMEA104357338,ERR2179543,9796,Equus caballus,ILLUMINA,Illumina HiSeq 3000,24247295345;7128640,BAM;BAI,Welsh Pony,
PRJEB14779,ERP016448,SAMEA104357345,ERR2179550,9796,Equus caballus,ILLUMINA,Illumina HiSeq 3000,23190045196;7113336,BAM;BAI,Welsh Pony,
PRJEB14779,ERP016448,SAMEA104357338,ERR2179543,9796,Equus caballus,ILLUMINA,Illumina HiSeq 3000,24247295345;7128640,BAM;BAI,Welsh Pony,
PRJNA841639,SRP376708,SAMN28605371,SRR19364571,9796,Equus caballus,ILLUMINA,Illumina HiSeq 2500,,FASTQ1;FASTQ2,Westphalian,
PRJEB10854,ERP012152,SAMEA3542237,ERR1021672,9796,Equus caballus,ILLUMINA,Illumina HiSeq 2500,1389663912;1390033643,FASTQ1;FASTQ2,Yakutian horse,
PRJEB10854,ERP012152,SAMEA3542238,ERR1021689,9796,Equus caballus,ILLUMINA,Illumina HiSeq 2500,2411122629;2419972368,FASTQ1;FASTQ2,Yakutian horse,
PRJEB10854,ERP012152,SAMEA3542239,ERR1021712,9796,Equus caballus,ILLUMINA,Illumina HiSeq 2000,1137860991;1151450214,FASTQ1;FASTQ2,Yakutian horse,
PRJEB10854,ERP012152,SAMEA3542240,ERR1021719,9796,Equus caballus,ILLUMINA,Illumina HiSeq 2500,1144949644;1156319378,FASTQ1;FASTQ2,Yakutian horse,
PRJEB10854,ERP012152,SAMEA3542241,ERR1021743,9796,Equus caballus,ILLUMINA,Illumina HiSeq 2500,1288337985;1307805498,FASTQ1;FASTQ2,Yakutian horse,
PRJEB10854,ERP012152,SAMEA3542242,ERR1021764,9796,Equus caballus,ILLUMINA,Illumina HiSeq 2500,664588751;673944842,FASTQ1;FASTQ2,Yakutian horse,
PRJEB10854,ERP012152,SAMEA3542244,ERR1021785,9796,Equus caballus,ILLUMINA,Illumina HiSeq 2500,1411118685;1421375571,FASTQ1;FASTQ2,Yakutian horse,
PRJEB10854,ERP012152,SAMEA3542245,ERR1021811,9796,Equus caballus,ILLUMINA,Illumina HiSeq 2500,1051534666;1066614383,FASTQ1;FASTQ2,Yakutian horse,
PRJEB10854,ERP012152,SAMEA3542243,ERR1021771,9796,Equus caballus,ILLUMINA,Illumina HiSeq 2500,3442149137;3470729574,FASTQ1;FASTQ2,Yakutian horse,
